企业名称,企业logo,细分领域,细分领域（补充）,企业简介,产品介绍,企业优势tag,产品图片1,产品图片2,产品图片3,其他,fellow姓名,fellow联系方式
√北京无问芯穹科技有限公司,,AI基础设施,模型,以无穹大模型能效优化工具包为基础，整合国产芯片算力， 构建统一算力底座，提供包括NVIDIA、AMD、海光、天数等多种加速算力云服务，屏蔽硬件差异，开箱即用。面向大模型私有化部署场景，整合计算加速卡、自研IP、优化工具包、行业大模型，构建大模型一体机，最大化优化大模型落地ROI。创始团队成员来自清华大学电子系及头部互联网/AI企业，拥有丰富的产业经验和成功的创业经历，技术积累与学术沉淀丰富，已经在人工智能系统优化领域发表高水平学术论文200余篇。相关成果包括：（1）GPU高效算子库超越英伟达商用库，在中端工艺GPU上实现比商用软件在高端工艺GPU更优的性能；（2）支撑大模型的高效稀疏推理加速架构，提升稀疏神经网络、图神经网络等计算速度1-3个量级。团队已经实现大语言模型在英伟达GPU上延时降低50%，未来将进一步结合底层算子优化、稀疏加速、硬件特性感知、高效互联等能力，将整机加速比提升到10倍。,"Infini-AI异构云平台：基于多元芯片算力底座而打造，集“一站式AI平台”、“大模型服务平台”和“智算云管平台”为一体。
AIStudio一站式AI平台：为机器学习开发者提供高性价比的开发调试、分布式训练与高性能推理工具；
GenStudio大模型服务平台：为大模型应用开发者提供高性能、易上手、安全可靠的多场景大模型服务，覆盖了从大模型开发到服务化部署的全流程。
","多元异构；软硬协同；
高性能算力；",,,,无问芯穹由清华大学电子工程系系主任汪玉教授发起成立，拥有一支兼备高水准软硬件研发与强大工程实施能力的核心团队，汇集人工智能领域的深厚学术知识与丰富产业实践经验。核心团队成员源自源自海内外知名企业与顶级学府，研发人员占比超70%，硕博学历占比65%以上，其中清华大学占比35%以上，团队成员曾在阿里云、百度研究院、商汤、华为、腾讯、字节跳动、微软等企业承担关键职务，是APACHE、TensorFlow、ONNX、PyTorch、PyG等知名项目重要贡献者。,王珅,13141371727
√清昴智能科技（北京）有限公司,,AI基础设施,"算法,第三方服务","清昴智能是一家AI模型算力性能解决方案提供商，旨在为各行业客户提供顶尖的AI优化和工程化能力，致力于解决AIGC、自动驾驶、AIoT 等领域复杂AI模型的落地难、性能差、资源耗费高等问题。
截至目前，公司已获得包括来自百度前COO陆奇博士奇绩创坛、某世界500强头部国产芯片战投、达晨财智等一线基金投资在内的四轮共计近亿元融资。",公司已发布第一款面向LLM的自研算力优化工具链与平台产品-MLGuider ，填补LLM落地优化的空白，成为Nvidia、AMD、ARM在内的多家硬件厂商的重要合作伙伴。致力于大模型的快速高效落地，帮助企业客户完成智能化升级,"AI infra,大模型调优，算力调度",,,,清昴智能创始团队来自于清华大学计算机系，团队成员来自清华、交大、新国立、爱丁堡、华为、阿里、京东方、AMD等海内外知名高校和大厂，成立一年内获得来自多家一线基金的近亿元投资,王珅,13141371727
√ 北京共绩科技有限公司,,AI基础设施,算力,共绩科技聚焦于解决弹性计算需求，从0到1提出并构建了闲时算力共享平台，利用分散闲时算力解决灵活临时的算力需求，基于跨领域的融合创新，在闲时调度和设备兼容层面做到了全球唯一，商业化完成验证。积极响应国家战略，创新提出“以算代储”，利用算力任务分发代替电力传输，解决能源消纳问题，降低计算的边际成本，目前签约承建了青海省级智能绿色算力调度系统。,"虚拟机房：收集来自数据中心（中大型集群）、企业（小型集群）、个人（单机）等不同规模的闲时算力资源，再依托于SLM任务调度分发平台，为人工智能推理、云服务器部署、科学计算、CAE仿真、视频渲染等服务提供计算资源，接入方式包括Docker、Serverless、SSH、Kubernetes等。
专业的调度算法和系统工程，可实现细粒度的万卡级算力调度，利用分散闲置的算力资源为数家头部AIGC企业、数十个国内外教科研机构、数百位科研工作者每天提供灵活低价的算力服务，是目前全球唯一的纯闲时算力利用平台。
已实现万卡GPU共享，跑通了Whisper、SD等多种主流模型全流程，架构完善，能够轻松部署多模型。",弹性算力；稳定算力；免运维；,,,,团队成员主要来自清华大学、北京大学、北京其他高校及行业经验丰富的优秀人员，受教于中国工程院江亿院士、长江学者吴子牛教授，已申领发明专利3件、软件著作权2件、商标51件（有效注册12件）。,王珅,13141371727
√北京基流科技有限公司,,AI基础设施,算力,"基流科技成立于2023年2月，专注于中大规模智算集群的建设和运维，实现算力互联、调度与优化，提供从百卡到十万卡的全堆栈分布式异构解决方案。
基流面向新基建、新算力提供高速网络交换机与通信组件，满足大模型智算、超算中心的集群互联需求。基流专注于高性能计算和高性能网络领域，在计算机体系结构、分布式系统、网络通信方向有超过20年的产学研积累。基流通过网络自动化、网内计算和分布式计算通信等核心技术，为客户算力集群与运力网络的建设节省上千万元。","智算中心超互联解决方案Helios：产品适用于人工智能异构算力场景，大模型的训练、精调、推理等场景。具备低时延、大带宽、无阻塞，优化的算力通讯设计，支持异构融合，可规模扩展和可运维等能力，同时具有开放融合兼容自控的生态特点。
Venus智能管控平台：采用异构分布式计算框架，提供数据驱动的全方位、一体化的智算中心网络的智能运营、维护和监控。",信创异构；开放敏捷；规模扩展；,,,,,王珅,13141371727
√脉冲视觉（北京）科技有限公司,,AI基础设施,芯片,脉冲视觉(北京)科技有限公司成立于2021年10月，基于北京大学黄铁军教授发明的脉冲连续摄影原理，专注于超高速摄影芯片和显示芯片研制。不同于现有相机采用的定时曝光静态成像原理，脉冲连续成像原理在像素级用脉冲流逼近光的高速时空变化过程，专利在中、美、日、韩、欧授权。采用成熟集成电路工艺研制了高速视觉芯片、相机和机器视觉系统，能够实现超高速、高动态、无运动模糊连续成像，中国电子学会鉴定评价“该成果是超高速成像和机器视觉领域的重大原始创新，超高速成像技术达到国际领先水平”。,采用成熟集成电路工艺研制了高速视觉芯片、相机和机器视觉系统，能够实现超高速、高动态、无运动模糊连续成像。公司芯片和产品已在科研观测、工业检测和智能交通等领域应用，目前正在研制下一代脉冲视觉芯片，有望重塑视频和视觉技术和产业，市场应用前景广阔。,超高速；高动态；连续成像；,,,,"公司创始团队来自于北京大学，长期从事视觉技术研究和芯片研发，技术水平和研究成果国际领先，核心骨干来自于思特威、豪威、华为、高通、展讯等业内头部企业，具有丰富的产业经验。公司创始人黄铁军教授从事视觉信息处理研究近30年，在视频编解码标准制定、场景视频高效编码、视觉特征编码、类脑视觉等方面取得丰硕成果，曾获国家科学技术进步二等奖两次、国家技术发明二等奖一次。
 
公司荣誉：
•“脉冲连续摄影原理和相机”项目获得第49届日内瓦国际发明展最高级别奖项“特别嘉许金奖”
•北京市专精特新中小企业、北京市创新型中小企业
•脉冲视觉芯片和相机代表北京大学参加国家“十三五”科技创新成就展
•北京颠覆性技术创新基金“新曦基金”首批唯一最高档资助
•第十一届中国创新创业大赛北京赛区初创组一等奖
•脉冲视觉芯片入选2022年第四届“创世技”颠覆性创新榜10强
•2023年值得关注的硬科技创变者",辛雅倩,15210343977
√北京算力自由科技有限公司,,AI基础设施,算力,北京算力自由科技有限公司是国内领先的的GPU算力调度云平台，公司致力于构建算力算法淘宝网，打造和运营全球一流的算力&算法交易市场与AI社区生态，为用户提供便宜、易用、丰富、稳定、公平的算力和AI应用服务，让算力像电一样便捷、自由地使用！,"全球购，自由算：算力自由主要面向全球AI用户提供大模型微调和推理场景构建容器云调度服务平台，根据应用特点匹配算力,配备所需环境、工具、数据，提供开箱即用的GPU算力云服务，同时我们还可以提供主流国产算力适配服务。",开箱即用；弹性调用；高性价比,,,,"*项目背景：公司深度参与了鹏城实验室（国家先进信息技术实验室）主导的中国算力网（科技部重点国家课提）项目，承担了鹏城云脑算力运营、中国算力网商业运营，是鹏城实验室的战略合作伙伴。是中国算力网、教育部、发改委支持的 “算力助学计划”的首批发起成员单位，也是中国信通院算力方针的首批示范成员，和新华社财富传媒、华为、AMD公司、中科先进算法研究院、百度、世纪互联、三大运营商等均开展了深入的合作。
*技术优势：
1.KBS算力调度平台：平台以K8S调度平台为核心基础架构，跨区跨中心调度，简单易维护，对比虚拟机方案，负载率提高20%；
2.容器-镜像技术：平台以以容器-镜像技术为底层技术支撑，作为资源及应用开发的支撑来源，成熟稳定，资源复用率高；
3.弹性服务：平台以弹性算力资源为核心，提供提供弹性扩缩容和负载均衡服务，让使用平台进行开发更加方便快捷成本低。
4.支持函数计算：平台提供基于事件驱动的计算服务，用户可以编写和上传函数代码，当事件触发时，平台会自动执行这些函数代码，并返回结果。为开发人员提供了一种运行应用的抽象方式，可以在无需管理服务器的情况下响应事件。",辛雅倩,15210343977
√寒序科技（北京）有限公司,,AI基础设施,芯片,寒序科技是一家由北京大学物理学院应用磁学中心倾力支持与扶持的，为云计算提供专用算力的芯片研发企业，致力于从新物理原理和非硅基材料上颠覆传统计算架构。寒序科技算力可以迅速部署于药物研发、金融、交通、通信、AI、区块链以及航空航天和军工等场景下的组合优化相关问题。,"
寒序科技概率计算芯片基于自旋电子学新原理器件——随机磁性隧道结，利用自旋进行基于马尔科夫链和蒙塔卡洛的高性能伊辛求解计算。",算力芯片；,,,,寒序科技已于今秋完成一轮市场化融资，投资方为国内知名人民币基金，投后估值数千万元人民币。相比量子计算，寒序科技是室温的、稳定的、CMOS兼容且可拓展的，在成本和更大规模计算上优于绝热量子计算机，体现“概率优越性”。,杨超辰,18810890511
√趋境科技,,AI基础设施,,,趋境科技推出搭载自研高性能推理引擎产品“大模型知识推理一体机”，为企业提供高性能、低成本、高效率的大模型推理平台，开箱即用，本地化部署成本降低10倍以上：支持本地部署数百亿级别的一线大模型；提供开放的API接口对接现有业务；内置智能搜索、内容创作等基础应用，无需开发即可使用。一体机的发布为企业实现大模型的高效落地提供了全新选择，开启了通向“推理自由”的新途径。,,,,,,,
√凌晨极光,,场景应用,第三方服务,凌晨极光科技有限公司，集齐一帮具体有丰富实践经验互联网老兵，投身AI创业，为企业TOB的AI场景赋能，目前在办公场景孵化出本地化部署AI智能问答，专项写作助手，AI智能问数等产品，已与北京城建设计发展集团，北京航天某研究所，北京昭天下，北京勘察设计研究院等企业展开合作，并落地应用,"智能问答：为企业提供本地化部署，基于企业核心知识，提供智能问答产品，并提供专项场景智能体开发；
专项写作：解决包含Excel数据，图表，文本，图片等复杂场景专项报告编写，批量化一键式创作，大幅降本增效
智能问数：为企业用户个性化数据查询分析场景赋能，快速基于自然语言，查询数据并提供可视化图表展示与智能数据分析",本地化部署，数据安全，AI定制研发,,,,"团队成员均来自阿里，美团等互联网大厂、在大模型、图像识别、平台开发、大数据等领域具有丰富的实战经验；中关村东升集团AI人工智能创业孵化企业团队荣誉
服务企业、工信部《AI内容创作师》标准制定核心成员",霍昺阳,19931045178
√√星测未来科技（北京）有限责任公司- 产品合一,,场景应用,场景应用,"星测未来成立于2020年，致力于利用前沿AI科技，赋能通讯、遥感和科学实验等整个航天产业链及航空、地面场景的其他高端装备领域。
公司核心技术优势包括高可靠边缘异构计算、高性能算法及软硬件协同优化能力，面向国防、应急等高时效业务和民商智能化服务，提供软硬件一体的算力平台+AI处理解决方案。
","星测系列·一站式太空实验解决方案：基于自研数据采集与处理平台及“笼屉式”可扩展架构设计，提供空间科学探测及技术试验载荷的研制服务；
星溪系列·天基计算智能载荷 ：基于高可靠边缘异构计算、高性能算法及软硬件协同优化能力，面向国防、应急等高时效业务和民商智能化服务；
海月天基·计算仿真平台：首款聚焦星上处理场景的地面仿真软硬件一体解决方案，构成包含智能计算载荷、卫星数据模拟器和可视化中控软件平台。",商业航天；边缘异构计算；软硬件一体；,,,,"星测未来团队为清华跨学科交叉背景，在人工智能与商业航天交叉方面具有综合优势，具有多年空间科学和AI软硬件协同加速经验，具有两三年的先发优势；
公司在星载智能计算平台、AI遥感图像处理、边缘端算法加速方面已获得32个软著、5个发明专利。并获得多个重量级创新创业大赛和评选的认可和肯定；
获得第九届“东升杯”国际创业一等奖、中国创新挑战赛暨中关村新兴领域专题赛总赛第一名 、第二届“京彩大创”北京大学生创新创业大赛总决赛冠军以及全球未来太空创新挑战赛一等奖等奖项。",王珅,13141371727
√北京象信智能科技有限公司,,场景应用,"场景应用,内容安全",象信AI致力于打造可信赖的AI，基于象信大模型和智能体，可一键翻译视频，保留原音色，支持多语言互译，长视频，突破视频译制的技术边界，赋能多元化内容创作，可为不同行业的客户提供专业的AI语音解决方案，让每个人都能轻松流利的说外语。,"

象信AI译制：用AI将视频中的外语语音直接转换为用户的母语，保持原声的音色、情感和语气， 让观众能够更自然地理解和感受内容。
  
",AI视频翻译；多语种支持；原声配音,,,,,辛雅倩,15210343977
√高质信同(北京)科技有限公司,,场景应用,场景应用,大同搜索（datong.info）是一个跨语言搜索引擎，为你提供不受语言限制的互联网浏览体验。它能找到来自不同语言的高质量信息，并基于它们生成AI回答。大同默认同时搜索英文和中文网页，在科学科普、学科专业知识、英文官网查询上结果质量格外好。,大同搜索致力于提供科学可靠、没有门槛的高质量信息。作为罕见病患者家属，大同搜索的创始人发现，英文互联网上有许多高质量的医疗科普信息，而中文使用者却难以找到它们。大同搜索由此诞生，我们希望所有人都能轻松获取任何语言的高质量信息，使得信息大同。,"翻译; 
英文搜索;      
高质量信息源;",,,, 来自Google的技术团队，获奇绩创坛天使投资，多项专利在申,杨超辰,18810890511
√北京聚义通教育科技有限公司,,场景应用,场景应用,公司致力于AI教育领域，团队8名核心成员均有过多次成功创业经验，教研团队15名优秀教师也均来自名校毕业班、前学而思、高徒等知名机构，教师队伍还在不断扩大，AI系统产品结合优质教师团队为用户提供教学服务保障。,通过卓越的AI能力加场景化的学习模式，为用户提供精准的、定制化的学习内容；通过英文学习-数学与物理学习-AI知识输入-培养与输送科技型创新人才；通过AI能力对内容进行分层与切片，系统收集用户学习特征与偏好，生成阶段性的学习成长曲线，匹配对应知识图谱与教师为伍，研发教师与品牌IP内容运营主页。,"AI教育；
优质教师团队；",,,,,杨超辰,18810890511
√拉玛羊驼一号（上海）智能科技有限公司,,场景应用,模型,拉玛羊驼业务围绕 AI+ 游戏，致力于打造游戏行业的 AI Agent，提供游戏行业所需要的多种 AI 服务。,拉玛羊驼的第一款产品，为自然语言生成 UGC 游戏中的可互动元素的 API，此产品可以让 UGC 的新手玩家，在创作游戏的第一分钟，便达到老鸟水平，降低用户使用门槛。,AI 游戏创作；游戏AI；,,,,,杨超辰,18810890511
√北京唯识万象科技有限公司,,场景应用,"模型,算法",唯识万象（Unichr AI）是一家专注于人工智能前沿领域的科技创新公司，以大语言模型为基础，实现智能体之间的协同，推动个人和企业的生产力变革。,致力于通过构建和编排智能体（Agents）来模拟人类思维和协作。,"RAG技术；大语言模型；
智能体构建；",,,,,杨超辰,18810890511
√北京脑仁科技有限公司,,场景应用,第三方服务,脑仁科技是一支专注于自适应性生成Agent框架研发及应用的团队。团队成员具有丰富的研发及商业经验，立足于从大模型和Agent技术的融合Infra层出发，将最前沿的AI技术与客户需求结合，最大化AI及Agent技术的落地效能。,结合我们构建的Agent应用知识库，采用Brainstem框架，能够自动生成大量通用或简单场景需求的Agent应用 ，可以以等形式以较低成本大量提供给各种用户。,自适应生成；框架研发落地；,,,,,杨超辰,18810890511
√北京益渡智能科技有限公司,,场景应用,场景应用,"
北京益渡智能科技有限公司（ChatEDU）通过ChatEDU大模型为学生提供专业的高考志愿填报、学业规划、选校建议等一站式教育咨询服务，通过前沿科技铸造教育领域信息化高新企业，为学生提供更智能、更贴心的教育解决方案。",为学生提供专业的高考志愿填报、学业规划、选校建议等一站式教育咨询服务，不仅可以覆盖K12教育、高考志愿填报、生涯规划，未来还将包括考研、留学、就业等一系列产品服务。,大模型；教育咨询；,,,,ChatEDU的团队来自于清华、北大、康奈尔等全球顶尖高校，拥有跨学科的教育和科技专业人才队伍，集合了上百位教育领域专家、资深从业者、高校优秀学生。,杨超辰,18810890511
√米塔科技有限公司,,场景应用,,米塔视界—源自清华校园的创新企业，由共青团清华大学委员会与清华大学x-lab共同孵化，深耕AI与前沿光学两大核心技术。我们率先实现AI与全球领先的无介质空中成像、裸眼3D显示的深度融合，颠覆了传统平面屏幕的局限，让人机交互真正迈入三维沉浸与实时互动的未来视界。," 面向商业、教育、医疗等多元领域，米塔视界提供从硬件到AI交互与内容制作的一体化解决方案：
•  商业场景：以三维视觉革命重塑沉浸式文旅、广告、零售行业品牌展示与消费体验；
•  教育领域：构筑“空中课堂”与“数字名师”，助力教育智能化升级；
•  医疗应用：通过三维可视化与AI辅助，加速医疗仿真教学的精准化、智能化迭代。",裸眼3D；三维沉浸；实时互动；,,,,,杨超辰,18810890511
√北京清北智源科技有限公司,,场景应用,,专注人工智能赋能教育的创新性企业，核心创始团队来自清华及北大，与清华大学语音及智能研究所战略合作。主要业务产品是提供安全可信语音类大模型平台产品，目前主要为学校及政府用户提供专业的智慧教室、实训室、会议室及管理中心的解决方案，并通过人工智能技术实现教学或管理辅助，帮助用户实现数字化转型。,核心技术包括提供一种面向大模型的声纹识别方法、一种面向语音生成大模型的安全可信伪造音检测方法、一种语音生成大模型的安全可信技术、一种语音识别大模型的前端感知技术、一套声纹识别训练数据资源。,"AI教育赋能；
语音类大模型；
教学管理辅助；",,,,团队参与Google总部技术交流、清华启迪、碳9资本交流，参与了人民日报社“中央厨房”、中国国际进口博览会、70周年国庆阅兵等国家重大项目信息化设计，具有丰富的行业实践经验及理论基础。,杨超辰,18810890511
√北京小狗汪汪科技有限公司,,场景应用,,小狗汪汪Puggy Agent成立于 2024 年初，目前致力于把 Agent 能力引入到企业场景。提供 AI Agent powered 企业级自定义知识库构建工具，以及自定义企业级搜索引擎，探索未来的人工智能与人共同的社会生产协作模式。从做开源的 AI Agent 搜索做起，使用户可以短期内高效地定义与部署自己的 agent，并提供 agent 与 agent，agent 与人的协作协议。提供 all-in-one 的 agent 与人协作产品与平台。,"PuppyEngine: 专为 Agent 设计的搜索引擎 (pending)；
Puppys: 适合复杂场景的 Code-Based 的 Agent 框
架；",Agent；框架；搜索,,,,,杨超辰,18810890511
√ 北京哼哼唧唧科技有限公司,,场景应用,c端,哼哼唧唧科技有限公司，由top高校成员组成的顶尖核心团队，致力于打造最人性化的AIc端产品，公司着眼于陪伴、娱乐等市场，2024年进入奇绩创坛秋季创业营，获得种子轮融资。,核心产品poppaws.ai，从kpop市场切入，在韩娱偶像空白期，以kpop常见动物塑桌宠形式给粉丝提供陪伴和情绪价值。产品包含多种功能，包括但不限于聊天、语音、换装、桌面交互等。,"情感陪伴；
互动交流；                 
",,,,,于剑楠,13683316933
√ 北京无为智能科技有限公司,,场景应用,商业搜索、市场情报、企业数据,无为数智（INACTION-AI）致力于打造便捷高效的市场研究AI助手，结合深刻的行业洞察和独特的另类数据见解，利用大语言模型（LLM）和检索增强生成（RAG）技术，加速推动企业更快地实现其核心价值和使命。,Aisou.ai是一个专注于企业信息的智能搜索平台，通过整合新闻、公司信息和知识库等内容，为用户提供一个全面、便捷的商业信息搜索服务。,"
RAG技术；
大语言模型；
商业搜索；",,,,无为公司（inaction-ai）致力于打造AI驱动的市场情报和搜索平台，旗下产品包括商业信息智能搜索平台Aisou.ai（toC产品）、一站式市场情报平台Aisou.top（toB产品）。,于剑楠,13683316933
√ 北京超智能科科技有限公司,,场景应用,场景应用,"
超智能科是一家以AIGC课程生产与服务为主，专注于为企业培训、政府培训、中小学、高校、教育机构、出版社以及IP知识博主提供一站式AIGC课程生产平台解决方案，助力企事业单位实现数字化、数智化转型的人工智能创新企业。",基于AI+技术的“一站式、可视化”内容生成和智能驱动平台，主要功能有AIGC智能备课，AIGC生成课程讲义内容，跨课程、跨专业知识图谱助力交叉学科学习、智能助教伴学等。其子产品包括AI数字人老师定制、AI数字人语音克隆、AI课程知识库定制、AIGC录播课生成、AIGC互动课生成等。,AIGC教育;知识传递；AI数字人；,,,,"创始人兼CEO杨建刚毕业于西安交大&北京大学,团队成员均来自于IDEA研究院、微软、阿里云、百度、美术宝等知名企业，共同构成了超智能科的核心竞争力。
",于剑楠,13683316933
√ 北京星伴纪元科技有限公司,,场景应用,场景应用,"
星伴纪元是一家专注于创新情感陪伴体验的科技公司，致力于帮助用户在数字世界中找到情感共鸣。","
Heartchat.AI是一款AI情感陪伴应用，在全球孤独感增加和数字化生活方式兴起的背景下，通过先进的自然语言处理技术和情感分析技术，使用户获得更高的创作自由度以及富有深度的游戏化情感互动与陪伴体验。","AI情感陪伴；
游戏化互动；
聊天机器人；",,,,,于剑楠,13683316933
 √博特智能,,第三方服务,"大模型备案,算法备案",博特智能专注于大模型与算法备案合规咨询服务，致力于为企业提供专业、高效的合规解决方案。凭借对法律法规的深刻理解与扎实的技术实力，我们已成功服务政务、金融、教育、互联网、广电等多个行业，积累了丰富的实践经验，成为企业智能化合规发展的可靠伙伴。,提供大模型&算法备案服务，包括大模型安全评测、安全评估报告撰写、协助甲方提交材料，配合主管部门线上或现场检查答疑等。,一站式服务；高质高效；案例丰富,,,,"公司核心研究团队来自中国科学院多个重点实验室，80%以上拥有硕博学位。
自2020年成立以来，始终坚持核心技术自主研发，积累数十项知识产权。",霍昺阳,19931045178
√通商律师事务所,,第三方服务,第三方服务,通商律师事务所是一家深耕中国，服务世界，且位居国内领先的“红圈”律师事务所。拥有超过800名法律专业人士，在资本市场、兼并收购、私募股权、投资基金、争议解决、监管、劳动、新经济、财富管理、知识产权等领域均建立了斐然的声誉。,提供股权架构设计、员工股权激励、股权融资、境内外上市、收购兼并、企业出海、诉讼仲裁、日常法律咨询等法律服务,"法律服务;
反馈迅速；
平价收费；",,,,"团队为上百家创业企业的融资、股权结构重组、境内外上市、员工股权激励计划、对外合资、日常经营等事项提供法律服务，团队律师具有计算机专业背景，TMT领域具有丰富的项目经验；
服务的创业企业包括musical.ly (Tik Tok)、Momenta、SheIn、出门问问、基流科技、智能买手、威胜信息、广联数科、2Noise、盒智科技等。",霍昺阳,19931045178
√星海图,,具身智能,,"星海图（北京）人工智能科技有限公司成立于023年9月，是一家专注于打造“一脑多形”具身智能机器人的公司。坚持AI算法与本体协同研发的发展思路，从技术的边界和场景的需求出发定义本体形态，自主设计并制造本体，实现从端到端AI算法、具身本体、核心模组及场景解决方案全栈自研，并基于每一代的智能体产品探寻具身智能的Scaling Law，以此迈向通用具身智能的星辰大海。
","Alaxea R1是一款全尺寸双臂人形机器人，具有高达2米的垂直操作范围和700毫米的水平操作半径。它配备了两个6自由度轻质和高动态性能的Galaxea A1机器人手臂和两个Galaxea G1夹爪，确保在各种操作环境中具有出色的机动性和适应性。
Galaxea A1是一款轻量级力控机器人手臂，以其卓越的动态性能和显著的高负载能力而闻名。这种尖端技术使其成为需要微妙交互的复杂应用的最佳选择。",具身智能本体；开放开源；,,,,"公司荣登2024中国最具价值AGI（通用人工智能）创新机构Top50榜单。
已获得由多家顶级VC机构共同参与的天使轮融资。
星海图是国内唯一一家同时拥有两位世界级具身智能算法科学家、清华叉院助理教授的具身智能创业公司，让公司拥有在具身智能领域感知、移动和操作方向全球最前沿的技术理解和创新能力，同时，公司也与全球顶尖的科学家及创业团队有着紧密联系，为公司的前进方向提供了宝贵的全球视角。另外核心团队还集结了具有丰富创新技术产品落地及自动驾驶量产经验的实践方，共同攻克具身智能技术难度大、复杂度高、学科跨度广的挑战。",辛雅倩,15210343977
√北京灵生科技有限公司,,具身智能,,北京灵生科技有限公司成立于2023年02月14日，是一家具身智能机器人研发商，主要基于自创的多模态感知融合、决策和执行一体化系统，构建新一代人形和具身智能机器人通用类脑。其中云-边-端一体化类脑（Ling Cybrain）是其在机器人具身智能领域的核心竞争力。,具身大模型S0 ：S0赋予机器人双手操作的卓越能力，机器人能够实现基础动作的泛化与涌现，涵盖物品抓取、放置、推拉等操作。此外，S0可对机器人动作进行自动化编排，并完成动作的在线仿真，最终实现从仿真到真机运行的无缝过渡。核心优势在于通过大脑与环境的持续互动，不断优化决策过程，依据环境反馈的信息，精准判断自身行为的正确性及与目标的接近程度，构建通用目标函数，从而实现长程任务决策的快速收敛。,"具身大模型；
AI通用类脑；
多模态感知；",,,,通过海量RealData+仿真数据的高效训练，S0赋予机器人双手操作的卓越能力，成功攻克传统方法在长程任务中泛化性能差、鲁棒性弱的难题。通过离线和实时仿真，涵盖各类极端和罕见场景CornerCase，再利用数据增强技术扩充数据，结合真实数据进行联合训练，借助真实数据的可用性精确性来弥补仿真数据的不足，提高复杂任务和高精巧操作泛化成功率。,杨超辰,18810890511
"   
√ 北京深言科技有限责任公司
 
 
 
 ",,模型,模型,深言科技由清华大学自然语言处理实验室与北京智源人工智能研究院共同孵化，是国内最早开展大模型研发与探索大模型落地的创业公司之一。创始人岂凡超为清华计算机系博士，发表顶级论文30余篇，申请发明专利 20余项；首席科学家孙茂松教授为清华人工智能研究院常务副院长，欧洲科学院院士。截至目前，深言科技已获4轮来自红杉、腾讯、好未来等顶级投资机构与龙头企业的数亿元融资。,"语鲸：AI阅读辅助产品上线，打造沉浸式阅读体验
语鲸是基于自主研发的语鲸大模型打造的全新AI阅读辅助产品；
深言达意：可根据模糊描述，为写作提供了便利和创作灵感，找词找句的智能写作工具。产品核心功能“据意查词查句”，可以实现高效准确找到与输入意思相关的好词好句。",AI总结、超低幻觉、个性化资讯,,,,"北京市第三批“伙伴计划”模型伙伴
国家高新技术企业认定
北京市“创新型”中小企业
中关村高新技术企业
科技型中小企业
2024 世界经济论坛「全球技术先锋」
2024 中国生成式AI企业TOP50
2023 创业邦100未来独角兽
2023 中国国际大学生创新大赛北京赛区冠军、全国亚军
2023 创客北京人工智能行业一等奖
2022 CITC·网易创新创业总决赛冠军",王珅,13141371727
√ 北京智谱华章科技有限公司,,模型,"数据,算力,算法", 以“让机器像人一样思考”为愿景，智谱致力于打造新一代认知智能大模型，专注于做大模型的中国创新。公司于 2020 年底研发 GLM 预训练架构，2021 年训练完成百亿参数模型 GLM-10B，同年利用 MoE 架构成功训练出收敛的万亿稀疏模型，2022 年研发了中英双语千亿级超大规模预训练模型 GLM-130B 并开源。2023 年，智谱推出千亿基座对话模型 ChatGLM 并两次升级，开源版本的 ChatGLM-6B 让大模型开发者的本地微调和部署成为可能，在开源社区受到广泛欢迎。目前，智谱开源模型系列全球累计下载量超过 3000 万，并入选 Hugging Face 平台最受欢迎人工智能机构。,智谱清言：作为 AI 生成式助手，是国内首批通过《生成式人工智能服务管理暂行办法》备案的大模型产品。它可以应用于对话生成、多模态内容生成等场景，根据用户输入的文本内容，生成对话文本回复、文本、代码等形式的答案，为用户提供各种智能服务。2024 年 7 月，智谱清言宣布上线 AI 视频模型“清影”，用户使用该功能需开通付费会员。,多模态能力；深度思考；大模型；,,,,,辛雅倩,15210343977
√北京生数科技有限公司,,模型,模型,北京生数科技有限公司成立于2023年3月，是全球领先的自主研发多模态通用大模型的人工智能企业 ，布局 MaaS（模型即服务）与应用级产品，面向艺术设计、游戏制作、影视动画、社交娱乐等领域提供赋能，用 AI 提升每个人的创造力和生产力。,Vidu是生数科技联合清华大学发布的中国首个原创全自研，长时长、高一致性、高动态性的视频大模型，目前已面向全球上线。目前Vidu支持文生视频、图生视频、参考生视频三大核心功能，最长支持8s时长视频生成，分辨率最高达1080P。Vidu在推理速度、一致性、动态性、语义理解等方面具备领先优势。,极致推理；高一致性；指令遵循能力；,,,,,辛雅倩,15210343977
 √北京源力觉醒科技有限公司,,模型,"算法,场景应用","
LlamaGen.Ai 以人工智能为核心，致力于将人类创造力与科技深度结合，开创沉浸式故事体验的未来，专注于以生成式 AI（AIGC）技术驱动的内容创作，覆盖漫画、动画、游戏及营销等多元场景，通过自研 AI 模型和协作工具，让更多个人与企业能够轻松创作丰富多元的内容。","
通过Comic Studio-AI漫画创作工具、Cyani Model-精通动漫多维场景识别的 AI 模型、Llama Canvas-剧本与创意脚本生成的 AI 工具三款核心产品，为创作者与企业提供从灵感到成品的一站式解决方案。","
 
AI创作工具； 
角色一致性；
脚本驱动； 
 ",,,,"


创始团队来自清华大学、哥伦比亚大学及 Meta、百度等顶尖科技公司；
与康奈尔大学、纽约市政府等知名机构建立合作，项目应用场景涵盖教育、城市宣传和创意营销等。
 ",杨超辰,18810890511
 √北京实境智慧科技有限公司,,模型,场景应用,"
北京实境智慧科技有限公司成立于2016年，是以促进人类和机器人的协同进化为使命，专注于人工智能和虚拟现实技术。企业落地项目有AIOPS，VR LNG培训系统等",GPTMovie是面向消费用户的端到端交互视频生成系统。当前用户和GPT的交互以文本为主，本系统将实现用户和GPT 3D具身智能体的交互，在游戏，影视，培训等领域有广泛应用前景。,人工智能；虚拟现实；大语言模型；,,,,,杨超辰,18810890511
 √北京荆跃科技有限公司,,模型,"模型,算法",荆跃科技是一家拥有长达12年的大模型高效并行算法的应用优化经验，以国产自研的高性能多模态大模型服务为核心产品的大模型公司，面向二次元、虚拟世界领域提供多模态大模型服务。核心团队成员来自清华大学计算机系高性能所，有丰富的算法和系统优化经验。,绘跃：面向二次元、虚拟世界领域提供多模态大模型服务；支持创意文案、图像、视频生成等多模态服务，平台提供独有的精选大模型• 精准控制，支持用户多图层编辑；支持用户训练专有模型，高效快速获得高质量结果。,AI动漫绘制；大模型；多模态；,,,,,杨超辰,18810890511
√天赋智源人工智能科技有限公司,,模型,,天赋智源成立于2024年3月，公司拥有自研多模态大模型，拥有可根据不同职能需求调整和重构大模型能力，多年积累的垂直行业大小模型和行业模板，打造面向客户交付的功能型智能体。核心团队成员均有微软、联想、IBM等头部公司产品工程和交付经验，有着长期深度的交往历史和行业经验。,提供多智能体开发平台到多种垂类行业智能体，提效100倍。以工具智能体，业务智能体和智能体开发平台做为产品形成泛化年费制商业模式；,多智能体开发；自研大模型；泛制造业；,,,,"聚焦“AI智能体+行业”- 泛化四类行业智能体
国内最早的制造业大模型智能体开发和落地
全球和国内最早的大模型研究机构
自研多模态大模型全球排名第六
自研多模态大动作模型，解决大模型幻觉",杨超辰,18810890511
√ 北京星炬智械科技有限公司,,模型,"AI辅助机械设计,智能工业软件","
星炬智械，让创造更高效，成立于2024年11月，革命性提升智能装备厂商的「设计环节」效率，实现从「需求」到「制造」的智能化流程，从设计源头提升生产力，用AI代替设计流程中的低价值业务，消除设计师重复劳动，提升生产力。","
面向智能装备制造设计的AI工具产品，构建真正“理解”机械设计机理的AI模型体系。打通“方案设计-3D建模-工程制图-非标采购”的全流程智能化，用AI技术革新生产力结构。","AI机械设计；
多模态数据；
",,,,"驱动型创业者 + AI与机械领域顶尖人才 + 行业专家构成的核心团队
自有大量高质量标注图纸数据及设计案例素材
用于构建可进化“机械认知模型”的数据获取能力、领域认知以及产品技术能力",于剑楠,13683316933
√ 北京工业大数据创新中心有限公司,,智能工业软件,智能工业软件,北京工业大数据创新中心在北京市经信局指导下，于 2016 年 7 月成立。面向制造业创新发展的重大需求，创新中心突出产学研协同创新的资源整合功能，致力于工业数据智能的核心技术突破及行业应用推广，加速工业产业智慧升级。目前已服务能源电力、石油石化、电子制造、工程机械、动力装备等领域，并以北京为中心，建设覆盖京津冀、长三角、成渝双城地区的工业大数据创新网络。,中心自主研发K2Assets工业数据智能平台（提供覆盖“数据资产管理和数据驱动的智能决策”端到端工具链及协同工作环境）及配套工程方法，帮助工业企业低门槛掌握工业数据分析能力，加速工业数据应用创新，在能源电力、电子、冶金等领域，中心形成了面向高价值设备的智能运维和复杂生产过程的良率管理等解决方案，以及支撑工业现场高技能复合型人才(简称紫领）科学决策的AI紫领解决方案。,设备健康；生产运行优化；内置工业模板,,,,,王珅,13141371727
√北京万合之众科技有限公司,,智能工业软件,内容安全,"
万合之众是一家聚焦知识产权数据应用与管理的软件公司，总部位于北京。万合之众自主研发的首款产品“巧鲸云IP副驾驶”，以大数据和人工智能为支持，为用户营造安全、高效、便捷的商标档案管理环境。",万合之众顺应全球数字化经济发展形势，倾力打造“巧鲸云”数智化管理平台，为企业和知识产权服务机构提供集开发、咨询、维护于一体的IT解决方案。,数据应用；知识产权；企业信息安全,,,,,杨超辰,18810890511
北京谷溪未来科技有限公司,,,,,,,,,,,,
北京洵美且好科技有限公司,,,,,,,,,,,,
北京好耶科技有限公司,,,,,,,,,,,,
北京非十科技有限公司,,,,,,,,,,,,
北京星动时光科技有限公司,,,,,,,,,,,,
北京智域维度科技有限公司,,,,,,,,,,,,
北京启物科技有限公司,,,,,,,,,,,,
北京零码居家科技有限公司,,,,,,,,,,,,
北京千艺通慧科技有限公司,,,,,,,,,,,,
北京创琦科技有限公司,,,,,,,,,,,,
北京神元力量科技有限公司,,,,,,,,,,,,
北京极想智能科技有限公司,,,,,,,,,,,,
跨越星空（北京）科技有限公司,,,,,,,,,,,,
北京星续科技有限公司,,,,,,,,,,,,
北京扩散未来科技有限公司,,,,,,,,,,,,
北京云泥科技有限公司,,,,,,,,,,,,
北京松雪长青科技有限公司,,,,,,,,,,,,
北京福流寰宇科技开发有限公司,,,,,,,,,,,,
北京爱教练科技有限公司,,,,,,,,,,,,
北京肆拾贰智能科技有限公司,,,,,,,,,,,,
北京盒智科技有限责任公司,,,,,,,,,,,,
北京摸星科技有限公司,,,,,,,,,,,,
北京飞脑科技有限公司,,,,,,,,,,,,
北京岭客科技有限公司,,,,,,,,,,,,
北京招就科技有限公司,,,,,,,,,,,,
北京明时克蒂科技有限公司,,,,,,,,,,,,
北京韬耀好风科技有限公司,,,,,,,,,,,,
北京楔形文字科技有限公司,,,,,,,,,,,,
北京智进科技有限公司,,,,,,,,,,,,
北京搭爪科技有限公司,,,,,,,,,,,,
北京天城智连科技有限公司,,,,,,,,,,,,
北京极职科技有限公司,,,,,,,,,,,,
北京陶御科技有限公司,,,,,,,,,,,,
天屹源创（北京）智能科技有限公司,,,,,,,,,,,,
北京叁博视界人工智能科技有限公司,,,,,,,,,,,,
北京融基药研科技有限公司,,,,,,,,,,,,
北京原语科技有限公司,,,,,,,,,,,,
北京冬阳科技有限公司,,,,,,,,,,,,
北京明瞰科技有限公司,,,,,,,,,,,,
北京锟森源创科技有限公司,,,,,,,,,,,,
北京清蓝智汇科技有限公司,,,,,,,,,,,,
北京幻觉工坊科技有限公司,,,,,,,,,,,,
北京凌晨极光科技有限公司,,,,,,,,,,,,
北京奇点数智科技有限公司,,,,,,,,,,,,
躬富科技有限责任公司,,,,,,,,,,,,
